id,first_name,last_name,email,gender
873-81-4897,Eldridge,Eccleshall,eeccleshall0@hud.gov,Male
574-50-4972,Arlin,Sheirlaw,asheirlaw1@walmart.com,Genderfluid
359-79-9928,Tiebold,Cuffin,tcuffin2@wired.com,Male
427-98-0162,Spence,Forker,sforker3@addthis.com,Male
874-27-0068,Abbi,Colwill,acolwill4@vkontakte.ru,Female
522-71-1407,Borden,Mallall,bmallall5@berkeley.edu,Male
107-56-2667,Kurtis,Shelly,kshelly6@xinhuanet.com,Male
423-79-7794,Erskine,Davison,edavison7@exblog.jp,Male
360-78-4483,Tore,Harlin,tharlin8@vimeo.com,Male
128-04-7183,Joelly,Duffit,jduffit9@photobucket.com,Female
594-56-9640,Sydney,Itzkov,sitzkova@weather.com,Female
183-19-1113,Theodore,Neath,tneathb@google.com,Male
236-93-1120,Lethia,Chrystal,lchrystalc@infoseek.co.jp,Female
432-82-7123,Cassandry,Palfrey,cpalfreyd@tuttocitta.it,Female
704-69-4870,Lyndsey,Flight,lflighte@economist.com,Female
143-40-2297,Staford,Pepler,speplerf@free.fr,Male
367-44-8136,Gerardo,Sallter,gsallterg@godaddy.com,Male
380-60-4451,Wini,Crabtree,wcrabtreeh@cafepress.com,Female
752-39-3350,Karney,Loudyan,kloudyani@naver.com,Male
728-51-4556,Babb,Simonel,bsimonelj@devhub.com,Female
589-48-2051,Terese,Jone,tjonek@surveymonkey.com,Non-binary
570-87-0952,Paxon,Lugg,pluggl@hostgator.com,Male
740-91-9516,Kurtis,Dwelley,kdwelleym@digg.com,Male
197-21-1906,Kellie,Elnough,kelnoughn@washingtonpost.com,Female
383-59-6425,Andriana,Crookshank,acrookshanko@soup.io,Female
789-29-9643,Arlie,De Stoop,adestoopp@woothemes.com,Female
792-03-9999,Roshelle,Pardi,rpardiq@bluehost.com,Non-binary
750-57-3919,Adey,Matissoff,amatissoffr@163.com,Female
760-29-5503,Bentley,Bollard,bbollards@shareasale.com,Male
324-80-6974,Ki,Coade,kcoadet@addtoany.com,Female
476-35-9475,Fey,Garter,fgarteru@slashdot.org,Female
729-37-6021,Elva,Knottley,eknottleyv@unesco.org,Female
418-70-2249,Dido,Ropartz,dropartzw@youtu.be,Female
209-55-9245,Emelda,Houlston,ehoulstonx@ustream.tv,Female
240-14-4739,Egan,Barrick,ebarricky@netvibes.com,Male
579-29-1826,Belle,Bickerton,bbickertonz@odnoklassniki.ru,Female
628-61-1176,Benito,Jack,bjack10@blinklist.com,Male
486-26-9723,Noble,McGillivrie,nmcgillivrie11@amazon.co.jp,Male
633-94-7024,Kori,Bowers,kbowers12@ovh.net,Female
201-50-1824,Deidre,Leary,dleary13@sakura.ne.jp,Non-binary
484-80-4038,Dina,Trevorrow,dtrevorrow14@technorati.com,Genderqueer
832-13-5083,Stavro,Birrane,sbirrane15@kickstarter.com,Male
256-64-5903,Colet,Teffrey,cteffrey16@netlog.com,Male
160-52-3409,Lefty,Berzons,lberzons17@squarespace.com,Male
873-42-3998,Modestine,Horburgh,mhorburgh18@github.io,Female
227-48-2792,Berne,Rooke,brooke19@samsung.com,Male
622-09-6935,Nickie,Stirrup,nstirrup1a@youtube.com,Male
714-86-4246,Shanie,Odd,sodd1b@dmoz.org,Non-binary
395-87-5953,Garvin,Patrick,gpatrick1c@dailymotion.com,Male
791-96-6383,Alissa,Ferenc,aferenc1d@illinois.edu,Female
150-57-2514,Kalinda,Board,kboard1e@live.com,Female
653-19-2227,Katherine,Lofting,klofting1f@gravatar.com,Female
210-75-4942,Andras,Lempenny,alempenny1g@ustream.tv,Male
628-51-5671,Corey,Boullen,cboullen1h@ebay.co.uk,Male
241-02-5271,Madelyn,Backshill,mbackshill1i@vkontakte.ru,Female
462-10-0965,Farrah,Fairlaw,ffairlaw1j@phpbb.com,Genderqueer
334-49-6291,Shanta,Parratt,sparratt1k@telegraph.co.uk,Female
330-51-2062,Cletus,Grouvel,cgrouvel1l@reverbnation.com,Male
275-38-7646,Arvy,Maffini,amaffini1m@seattletimes.com,Male
246-27-5179,Zollie,Alchin,zalchin1n@chronoengine.com,Male
537-73-9932,Orelee,McGreary,omcgreary1o@wikipedia.org,Female
549-63-1345,Claribel,Keighly,ckeighly1p@berkeley.edu,Agender
383-44-0178,Saba,Pleasants,spleasants1q@clickbank.net,Genderqueer
307-64-5853,Olenka,Waller-Bridge,owallerbridge1r@bizjournals.com,Female
279-64-4779,Lura,Otto,lotto1s@ibm.com,Female
769-02-4172,Joly,O'Loughlin,joloughlin1t@dropbox.com,Female
375-77-7548,Gusella,Annetts,gannetts1u@friendfeed.com,Female
325-22-4292,Costanza,Midlane,cmidlane1v@smh.com.au,Female
347-38-2515,Cristi,Russan,crussan1w@bbc.co.uk,Female
560-52-4940,Gennifer,Pikesley,gpikesley1x@usnews.com,Female
225-83-2282,Elvis,Gainfort,egainfort1y@ca.gov,Male
379-70-7196,Delores,Roelofsen,droelofsen1z@dmoz.org,Female
644-84-6912,Boonie,Potteril,bpotteril20@examiner.com,Male
715-92-9617,Carey,Matula,cmatula21@gizmodo.com,Female
296-73-5802,Tabbatha,Da Costa,tdacosta22@jimdo.com,Female
594-32-6930,Cristi,Milthorpe,cmilthorpe23@fema.gov,Female
336-10-5615,Avrom,Gomes,agomes24@google.com.hk,Male
828-63-9346,Jarrett,Antoniou,jantoniou25@macromedia.com,Male
572-50-6471,Irwin,Lonergan,ilonergan26@theatlantic.com,Male
399-07-4101,Sylvan,Goaley,sgoaley27@bbc.co.uk,Male
301-60-2498,Harlen,Creffeild,hcreffeild28@blogs.com,Male
599-55-1797,Debi,Ballister,dballister29@tumblr.com,Female
844-94-5552,Koenraad,Treleaven,ktreleaven2a@flickr.com,Polygender
569-89-4120,Amandi,Gibbe,agibbe2b@yellowpages.com,Female
821-94-2988,Ryun,Lower,rlower2c@webeden.co.uk,Male
744-48-2978,Brit,Lofts,blofts2d@bigcartel.com,Male
103-29-2907,Ebba,Dyzart,edyzart2e@macromedia.com,Female
486-95-7669,Corena,Beament,cbeament2f@liveinternet.ru,Female
436-42-8551,Locke,Bramo,lbramo2g@cargocollective.com,Male
255-96-7335,Tobe,Grimwade,tgrimwade2h@blogger.com,Female
490-34-9479,Veriee,Jankiewicz,vjankiewicz2i@alibaba.com,Female
727-79-8857,Hamlin,Dhenin,hdhenin2j@diigo.com,Male
674-90-1984,Amelita,Melan,amelan2k@usatoday.com,Female
570-03-7654,Adham,Genese,agenese2l@hexun.com,Male
112-93-9702,Brandais,Courtonne,bcourtonne2m@time.com,Female
809-68-9566,Albertine,McCook,amccook2n@state.tx.us,Female
816-32-2180,Ulick,Kitchingman,ukitchingman2o@dion.ne.jp,Male
674-73-3852,Lewes,Andriolli,landriolli2p@etsy.com,Male
352-63-6725,Bail,Atmore,batmore2q@ow.ly,Male
254-55-7320,Mill,Vogelein,mvogelein2r@thetimes.co.uk,Agender
